{
    "center": [
        -8.54538385642984e-06,
        0.05998442573640415,
        -0.00045400038789622667
    ],
    "extents": [
        0.19187772828314695,
        0.12605462112959806,
        0.3322205044454758
    ],
    "scale": [
        0.4,
        0.4,
        0.4
    ],
    "transform_matrix": [
        [
            1.0,
            0.0,
            0.0,
            0.0
        ],
        [
            0.0,
            1.0,
            0.0,
            0.0
        ],
        [
            0.0,
            0.0,
            1.0,
            0.0
        ],
        [
            0.0,
            0.0,
            0.0,
            1.0
        ]
    ],
    "target_pose": [],
    "contact_points_pose": [
        [
            [
                0.026280000805854797,
                -0.0,
                -0.9996500015258789,
                0.0
            ],
            [
                0.0,
                1.0,
                -0.0,
                0.04538000002503395
            ],
            [
                0.9996500015258789,
                -0.0,
                0.026280000805854797,
                -0.0
            ],
            [
                0.0,
                0.0,
                0.0,
                1.0
            ]
        ],
        [
            [
                -0.026280000805854797,
                0.0,
                0.9996500015258789,
                0.0
            ],
            [
                -0.0,
                1.0,
                -0.0,
                0.04538000002503395
            ],
            [
                -0.9996500015258789,
                -0.0,
                -0.026280000805854797,
                -0.0
            ],
            [
                0.0,
                0.0,
                0.0,
                1.0
            ]
        ]
    ],
    "functional_matrix": [],
    "orientation_point": [],
    "contact_points_group": [
        [
            0,
            1
        ]
    ],
    "contact_points_mask": [
        true
    ],
    "target_point_discription": [],
    "contact_points_discription": [],
    "functional_point_discription": [],
    "orientation_point_discription": [],
    "stable": true
}