{
    "center": [
        -0.00021267511195013856,
        0.03001222985395705,
        3.656312854163785e-06
    ],
    "extents": [
        0.08894683701131277,
        0.06275956958918794,
        0.1562973142373011
    ],
    "scale": [
        0.5,
        0.5,
        0.5
    ],
    "transform_matrix": [
        [
            1.0,
            0.0,
            0.0,
            0.0
        ],
        [
            0.0,
            1.0,
            0.0,
            0.0
        ],
        [
            0.0,
            0.0,
            1.0,
            0.0
        ],
        [
            0.0,
            0.0,
            0.0,
            1.0
        ]
    ],
    "target_pose": [],
    "contact_points_pose": [
        [
            [
                0.026280000805854797,
                0.0,
                -0.9996500015258789,
                0.0
            ],
            [
                0.0,
                1.0,
                0.0,
                0.04538000002503395
            ],
            [
                0.9996500015258789,
                -0.0,
                0.026280000805854797,
                -0.0
            ],
            [
                0.0,
                0.0,
                0.0,
                1.0
            ]
        ],
        [
            [
                -0.026280000805854797,
                0.0,
                0.9996500015258789,
                0.0
            ],
            [
                -0.0,
                1.0,
                -0.0,
                0.04538000002503395
            ],
            [
                -0.9996500015258789,
                -0.0,
                -0.026280000805854797,
                -0.0
            ],
            [
                0.0,
                0.0,
                0.0,
                1.0
            ]
        ]
    ],
    "functional_matrix": [],
    "orientation_point": [],
    "contact_points_group": [
        [
            0,
            1
        ]
    ],
    "contact_points_mask": [
        true
    ],
    "target_point_discription": [],
    "contact_points_discription": [],
    "functional_point_discription": [],
    "orientation_point_discription": [],
    "stable": true
}