{
    "center": [
        2.6494264602650494e-05,
        0.18238962627947333,
        -0.00012844800949097935
    ],
    "extents": [
        1.9350330233573914,
        0.3996093086898329,
        1.2853425741195679
    ],
    "scale": [
        0.05,
        0.05,
        0.05
    ],
    "transform_matrix": [
        [
            1.0,
            0.0,
            0.0,
            0.0
        ],
        [
            0.0,
            1.0,
            0.0,
            0.0
        ],
        [
            0.0,
            0.0,
            1.0,
            0.0
        ],
        [
            0.0,
            0.0,
            0.0,
            1.0
        ]
    ],
    "target_pose": [],
    "contact_points_pose": [
        [
            [
                1.0,
                0.0,
                2.9999999242136255e-05,
                0.0
            ],
            [
                -0.0,
                1.0,
                -0.0,
                0.1701200008392334
            ],
            [
                -2.9999999242136255e-05,
                0.0,
                1.0,
                -0.0
            ],
            [
                0.0,
                0.0,
                0.0,
                1.0
            ]
        ],
        [
            [
                -0.9992499947547913,
                -0.0,
                -0.038830000907182693,
                0.0
            ],
            [
                0.0,
                1.0,
                -0.0,
                0.1701200008392334
            ],
            [
                0.038830000907182693,
                -0.0,
                -0.9992499947547913,
                -0.0
            ],
            [
                0.0,
                0.0,
                0.0,
                1.0
            ]
        ]
    ],
    "functional_matrix": [],
    "orientation_point": [],
    "contact_points_group": [
        [
            0,
            1
        ]
    ],
    "contact_points_mask": [
        true
    ],
    "target_point_discription": [],
    "contact_points_discription": [],
    "functional_point_discription": [],
    "orientation_point_discription": [],
    "stable": true
}