{
    "center": [
        3.465497367557343e-05,
        0.19978004258070173,
        3.185738437938617e-05
    ],
    "extents": [
        1.203120662095419,
        0.4343924883248059,
        1.93463815802018
    ],
    "scale": [
        0.05,
        0.05,
        0.05
    ],
    "transform_matrix": [
        [
            1.0,
            0.0,
            0.0,
            0.0
        ],
        [
            0.0,
            1.0,
            0.0,
            0.0
        ],
        [
            0.0,
            0.0,
            1.0,
            0.0
        ],
        [
            0.0,
            0.0,
            0.0,
            1.0
        ]
    ],
    "target_pose": [],
    "contact_points_pose": [
        [
            [
                0.013799999840557575,
                0.0,
                -0.9998999834060669,
                0.0
            ],
            [
                0.0,
                1.0,
                0.0,
                0.1701200008392334
            ],
            [
                0.9998999834060669,
                -0.0,
                0.013799999840557575,
                -0.0
            ],
            [
                0.0,
                0.0,
                0.0,
                1.0
            ]
        ],
        [
            [
                -0.013799999840557575,
                0.0,
                0.9998999834060669,
                0.0
            ],
            [
                -0.0,
                1.0,
                -0.0,
                0.1701200008392334
            ],
            [
                -0.9998999834060669,
                -0.0,
                -0.013799999840557575,
                -0.0
            ],
            [
                0.0,
                0.0,
                0.0,
                1.0
            ]
        ]
    ],
    "functional_matrix": [],
    "orientation_point": [],
    "contact_points_group": [
        [
            0,
            1
        ]
    ],
    "contact_points_mask": [
        true
    ],
    "target_point_discription": [],
    "contact_points_discription": [],
    "functional_point_discription": [],
    "orientation_point_discription": [],
    "stable": true
}