{
    "center": [
        0.0008042372350712881,
        0.44367228540589154,
        -0.0022135190337304726
    ],
    "extents": [
        0.9569975177236952,
        0.9303015887015496,
        1.9237843296463348
    ],
    "scale": [
        0.05,
        0.05,
        0.05
    ],
    "transform_matrix": [
        [
            1.0,
            0.0,
            0.0,
            0.0
        ],
        [
            0.0,
            1.0,
            0.0,
            0.0
        ],
        [
            0.0,
            0.0,
            1.0,
            0.0
        ],
        [
            0.0,
            0.0,
            0.0,
            1.0
        ]
    ],
    "target_pose": [],
    "contact_points_pose": [
        [
            [
                -0.002139999996870756,
                0.0,
                1.0,
                0.0
            ],
            [
                -9.999999747378752e-06,
                1.0,
                -0.0,
                0.5905399918556213
            ],
            [
                -1.0,
                -9.999999747378752e-06,
                -0.002139999996870756,
                -0.0
            ],
            [
                0.0,
                0.0,
                0.0,
                1.0
            ]
        ],
        [
            [
                0.002139999996870756,
                -0.0,
                -1.0,
                0.0
            ],
            [
                0.0,
                1.0,
                -0.0,
                0.5905399918556213
            ],
            [
                1.0,
                -0.0,
                0.002139999996870756,
                -0.0
            ],
            [
                0.0,
                0.0,
                0.0,
                1.0
            ]
        ]
    ],
    "functional_matrix": [],
    "orientation_point": [],
    "contact_points_group": [
        [
            0,
            1
        ],
        [
            0,
            2,
            3,
            4
        ]
    ],
    "contact_points_mask": [
        true,
        true
    ],
    "target_point_discription": [],
    "contact_points_discription": [],
    "functional_point_discription": [],
    "orientation_point_discription": [],
    "stable": true
}