{
    "center": [
        -0.00012277649115101561,
        0.5149357156603971,
        0.0011016024777460213
    ],
    "extents": [
        1.196268209744446,
        1.0579690391873373,
        1.932249344726961
    ],
    "scale": [
        0.05,
        0.05,
        0.05
    ],
    "transform_matrix": [
        [
            1.0,
            0.0,
            0.0,
            0.0
        ],
        [
            0.0,
            1.0,
            0.0,
            0.0
        ],
        [
            0.0,
            0.0,
            1.0,
            0.0
        ],
        [
            0.0,
            0.0,
            0.0,
            1.0
        ]
    ],
    "target_pose": [],
    "contact_points_pose": [
        [
            [
                -0.002139999996870756,
                0.0,
                1.0,
                0.0
            ],
            [
                -9.999999747378752e-06,
                1.0,
                -0.0,
                0.5486999750137329
            ],
            [
                -1.0,
                -9.999999747378752e-06,
                -0.002139999996870756,
                -0.0
            ],
            [
                0.0,
                0.0,
                0.0,
                1.0
            ]
        ],
        [
            [
                0.002139999996870756,
                -0.0,
                -1.0,
                0.0
            ],
            [
                0.0,
                1.0,
                -0.0,
                0.5486999750137329
            ],
            [
                1.0,
                -0.0,
                0.002139999996870756,
                -0.0
            ],
            [
                0.0,
                0.0,
                0.0,
                1.0
            ]
        ]
    ],
    "functional_matrix": [],
    "orientation_point": [],
    "contact_points_group": [
        [
            0,
            1
        ],
        [
            0,
            2,
            3,
            4
        ]
    ],
    "contact_points_mask": [
        true,
        true
    ],
    "target_point_discription": [],
    "contact_points_discription": [],
    "functional_point_discription": [],
    "orientation_point_discription": [],
    "stable": true
}