{
    "center": [
        0.0004263048242440109,
        0.4097450621422753,
        -0.0007482992472212057
    ],
    "extents": [
        1.028886914684269,
        0.8506575803164226,
        1.9308842307663177
    ],
    "scale": [
        0.05,
        0.05,
        0.05
    ],
    "transform_matrix": [
        [
            1.0,
            0.0,
            0.0,
            0.0
        ],
        [
            0.0,
            1.0,
            0.0,
            0.0
        ],
        [
            0.0,
            0.0,
            1.0,
            0.0
        ],
        [
            0.0,
            0.0,
            0.0,
            1.0
        ]
    ],
    "target_pose": [],
    "contact_points_pose": [
        [
            [
                -0.002139999996870756,
                0.0,
                1.0,
                0.0
            ],
            [
                -9.999999747378752e-06,
                1.0,
                -0.0,
                0.5296900272369385
            ],
            [
                -1.0,
                -9.999999747378752e-06,
                -0.002139999996870756,
                -0.24710999429225922
            ],
            [
                0.0,
                0.0,
                0.0,
                1.0
            ]
        ],
        [
            [
                0.002139999996870756,
                -0.0,
                -1.0,
                0.0
            ],
            [
                0.0,
                1.0,
                -0.0,
                0.5296900272369385
            ],
            [
                1.0,
                -0.0,
                0.002139999996870756,
                -0.24710999429225922
            ],
            [
                0.0,
                0.0,
                0.0,
                1.0
            ]
        ]
    ],
    "functional_matrix": [],
    "orientation_point": [],
    "contact_points_group": [
        [
            0,
            1
        ],
        [
            0,
            2,
            3,
            4
        ]
    ],
    "contact_points_mask": [
        true,
        true
    ],
    "target_point_discription": [],
    "contact_points_discription": [],
    "functional_point_discription": [],
    "orientation_point_discription": [],
    "stable": true
}