{
    "center": [
        -0.002274792813998782,
        0.4002737189751239,
        -0.0005212418985722928
    ],
    "extents": [
        0.4713785744481937,
        0.8358827283352241,
        1.9249181574327754
    ],
    "scale": [
        0.05,
        0.05,
        0.05
    ],
    "transform_matrix": [
        [
            1.0,
            0.0,
            0.0,
            0.0
        ],
        [
            0.0,
            1.0,
            0.0,
            0.0
        ],
        [
            0.0,
            0.0,
            1.0,
            0.0
        ],
        [
            0.0,
            0.0,
            0.0,
            1.0
        ]
    ],
    "target_pose": [],
    "contact_points_pose": [
        [
            [
                0.0,
                0.007189999800175428,
                0.999970018863678,
                0.0
            ],
            [
                -0.0,
                0.999970018863678,
                -0.007189999800175428,
                0.6766200065612793
            ],
            [
                -1.0,
                -0.0,
                0.0,
                -0.0
            ],
            [
                0.0,
                0.0,
                0.0,
                1.0
            ]
        ],
        [
            [
                0.017969999462366104,
                -0.002850000048056245,
                -0.9998300075531006,
                0.0
            ],
            [
                0.0,
                1.0,
                -0.002850000048056245,
                0.6766200065612793
            ],
            [
                0.9998400211334229,
                4.999999873689376e-05,
                0.017969999462366104,
                -0.0
            ],
            [
                0.0,
                0.0,
                0.0,
                1.0
            ]
        ],
        [
            [
                -0.0,
                -0.0006000000284984708,
                -1.0,
                0.0
            ],
            [
                0.0,
                1.0,
                -0.0006000000284984708,
                0.8086400032043457
            ],
            [
                1.0,
                -0.0,
                -0.0,
                0.5587900280952454
            ],
            [
                0.0,
                0.0,
                0.0,
                1.0
            ]
        ]
    ],
    "functional_matrix": [],
    "orientation_point": [],
    "contact_points_group": [
        [
            0,
            1
        ]
    ],
    "contact_points_mask": [
        true
    ],
    "target_point_discription": [],
    "contact_points_discription": [],
    "functional_point_discription": [],
    "orientation_point_discription": [],
    "stable": true
}