{
    "center": [
        0.00043910456981334305,
        0.464660173592654,
        -0.002362387269361781
    ],
    "extents": [
        0.4583310037673743,
        0.9663434586539366,
        1.9283137957960963
    ],
    "scale": [
        0.05,
        0.05,
        0.05
    ],
    "transform_matrix": [
        [
            1.0,
            0.0,
            0.0,
            0.0
        ],
        [
            0.0,
            1.0,
            0.0,
            0.0
        ],
        [
            0.0,
            0.0,
            1.0,
            0.0
        ],
        [
            0.0,
            0.0,
            0.0,
            1.0
        ]
    ],
    "target_pose": [],
    "contact_points_pose": [
        [
            [
                0.0,
                0.007189999800175428,
                0.999970018863678,
                0.0
            ],
            [
                -0.0,
                0.999970018863678,
                -0.007189999800175428,
                0.5788900256156921
            ],
            [
                -1.0,
                -0.0,
                0.0,
                -0.0
            ],
            [
                0.0,
                0.0,
                0.0,
                1.0
            ]
        ],
        [
            [
                0.017969999462366104,
                -0.002850000048056245,
                -0.9998300075531006,
                0.0
            ],
            [
                0.0,
                1.0,
                -0.002850000048056245,
                0.5788900256156921
            ],
            [
                0.9998400211334229,
                4.999999873689376e-05,
                0.017969999462366104,
                -0.0
            ],
            [
                0.0,
                0.0,
                0.0,
                1.0
            ]
        ],
        [
            [
                0.0,
                -0.0004900000058114529,
                -1.0,
                0.0
            ],
            [
                -5.999999848427251e-05,
                1.0,
                -0.0004900000058114529,
                0.9367899894714355
            ],
            [
                1.0,
                5.999999848427251e-05,
                0.0,
                0.6993499994277954
            ],
            [
                0.0,
                0.0,
                0.0,
                1.0
            ]
        ]
    ],
    "functional_matrix": [],
    "orientation_point": [],
    "contact_points_group": [
        [
            0,
            1
        ]
    ],
    "contact_points_mask": [
        true
    ],
    "target_point_discription": [],
    "contact_points_discription": [],
    "functional_point_discription": [],
    "orientation_point_discription": [],
    "stable": true
}