{
    "center": [
        -0.004455442899849662,
        0.48176353571938607,
        -0.0003283267226336928
    ],
    "extents": [
        0.6623881946516006,
        1.0101186351928564,
        1.9299781860929706
    ],
    "scale": [
        0.05,
        0.05,
        0.05
    ],
    "transform_matrix": [
        [
            1.0,
            0.0,
            0.0,
            0.0
        ],
        [
            0.0,
            1.0,
            0.0,
            0.0
        ],
        [
            0.0,
            0.0,
            1.0,
            0.0
        ],
        [
            0.0,
            0.0,
            0.0,
            1.0
        ]
    ],
    "target_pose": [],
    "contact_points_pose": [
        [
            [
                0.0,
                0.007189999800175428,
                0.999970018863678,
                0.0
            ],
            [
                -0.0,
                0.999970018863678,
                -0.007189999800175428,
                0.774150013923645
            ],
            [
                -1.0,
                -0.0,
                0.0,
                -0.0
            ],
            [
                0.0,
                0.0,
                0.0,
                1.0
            ]
        ],
        [
            [
                0.017969999462366104,
                -0.002850000048056245,
                -0.9998300075531006,
                0.0
            ],
            [
                0.0,
                1.0,
                -0.002850000048056245,
                0.774150013923645
            ],
            [
                0.9998400211334229,
                4.999999873689376e-05,
                0.017969999462366104,
                -0.0
            ],
            [
                0.0,
                0.0,
                0.0,
                1.0
            ]
        ],
        [
            [
                -0.0,
                -0.0003499999875202775,
                -1.0,
                0.0
            ],
            [
                0.00016999999934341758,
                1.0,
                -0.0003499999875202775,
                0.9892500042915344
            ],
            [
                1.0,
                -0.00016999999934341758,
                0.0,
                0.321260005235672
            ],
            [
                0.0,
                0.0,
                0.0,
                1.0
            ]
        ]
    ],
    "functional_matrix": [],
    "orientation_point": [],
    "contact_points_group": [
        [
            0,
            1
        ]
    ],
    "contact_points_mask": [
        true
    ],
    "target_point_discription": [],
    "contact_points_discription": [],
    "functional_point_discription": [],
    "orientation_point_discription": [],
    "stable": true
}