{
    "scale": [
        0.27,
        0.23,
        0.28
    ],
    "transform_matrix": [
        [
            1.0,
            0.0,
            0.0,
            0
        ],
        [
            0.0,
            1.0,
            0.0,
            0
        ],
        [
            0.0,
            0.0,
            1.0,
            0.0
        ],
        [
            0.0,
            0.0,
            0.0,
            1.0
        ]
    ],
    "init_qpos": [],
    "target_points": [],
    "contact_points": [
        {
            "matrix": [
                [
                    -0.0,
                    -0.6424099802970886,
                    0.7663599848747253,
                    -0.2901099920272827
                ],
                [
                    0.0,
                    0.7663599848747253,
                    0.6424099802970886,
                    0.3050200045108795
                ],
                [
                    -1.0,
                    -0.0,
                    0.0,
                    0.6887000203132629
                ],
                [
                    0.0,
                    0.0,
                    0.0,
                    1.0
                ]
            ],
            "base": "link_0"
        },
        {
            "matrix": [
                [
                    0.0,
                    0.5002999901771545,
                    0.8658499717712402,
                    0.21603000164031982
                ],
                [
                    0.0,
                    0.8658499717712402,
                    -0.5002999901771545,
                    0.35694000124931335
                ],
                [
                    -1.0,
                    0.0,
                    0.0,
                    0.6970599889755249
                ],
                [
                    0.0,
                    0.0,
                    0.0,
                    1.0
                ]
            ],
            "base": "link_1"
        },
        {
            "matrix": [
                [
                    -0.0,
                    -0.5873799920082092,
                    0.8093100190162659,
                    -0.23614999651908875
                ],
                [
                    0.0,
                    0.8093100190162659,
                    0.5873799920082092,
                    0.3461199998855591
                ],
                [
                    -1.0,
                    -0.0,
                    0.0,
                    0.6887000203132629
                ],
                [
                    0.0,
                    0.0,
                    0.0,
                    1.0
                ]
            ],
            "base": "link_0"
        },
        {
            "matrix": [
                [
                    -0.02930000051856041,
                    0.387470006942749,
                    0.9214199781417847,
                    0.16484999656677246
                ],
                [
                    0.0081599997356534,
                    0.9218699932098389,
                    -0.3874000012874603,
                    0.38947999477386475
                ],
                [
                    -0.9995399713516235,
                    -0.0038300000596791506,
                    -0.03017999976873398,
                    0.6965100169181824
                ],
                [
                    0.0,
                    0.0,
                    0.0,
                    1.0
                ]
            ],
            "base": "link_1"
        },
        {
            "matrix": [
                [
                    -0.6424199938774109,
                    -0.00022000000171829015,
                    0.7663499712944031,
                    -0.26155999302864075
                ],
                [
                    0.7663499712944031,
                    0.0009500000160187483,
                    0.6424199938774109,
                    0.26504001021385193
                ],
                [
                    -0.0008699999889358878,
                    1.0,
                    -0.0004400000034365803,
                    0.7744500041007996
                ],
                [
                    0.0,
                    0.0,
                    0.0,
                    1.0
                ]
            ],
            "base": "link_0"
        },
        {
            "matrix": [
                [
                    0.5002999901771545,
                    -0.0003000000142492354,
                    0.8658499717712402,
                    0.19750000536441803
                ],
                [
                    0.8658499717712402,
                    -0.0005200000014156103,
                    -0.5002999901771545,
                    0.31929001212120056
                ],
                [
                    0.0006000000284984708,
                    1.0,
                    -0.0,
                    0.7827600240707397
                ],
                [
                    0.0,
                    0.0,
                    0.0,
                    1.0
                ]
            ],
            "base": "link_1"
        },
        {
            "matrix": [
                [
                    -0.32120999693870544,
                    -0.5563399791717529,
                    0.7663599848747253,
                    -0.2901099920272827
                ],
                [
                    0.38317999243736267,
                    0.6636899709701538,
                    0.6424099802970886,
                    0.3050200045108795
                ],
                [
                    -0.8660299777984619,
                    0.5,
                    -0.0,
                    0.717270016670227
                ],
                [
                    0.0,
                    0.0,
                    0.0,
                    1.0
                ]
            ],
            "base": "link_0"
        },
        {
            "matrix": [
                [
                    -0.5563399791717529,
                    -0.32120999693870544,
                    0.7663599848747253,
                    -0.2901099920272827
                ],
                [
                    0.6636899709701538,
                    0.38317999243736267,
                    0.6424099802970886,
                    0.3050200045108795
                ],
                [
                    -0.5,
                    0.8660299777984619,
                    0.0,
                    0.7386999726295471
                ],
                [
                    0.0,
                    0.0,
                    0.0,
                    1.0
                ]
            ],
            "base": "link_0"
        },
        {
            "matrix": [
                [
                    0.25014999508857727,
                    0.43327000737190247,
                    0.8658499717712402,
                    0.21603000164031982
                ],
                [
                    0.43292999267578125,
                    0.7498499751091003,
                    -0.5002999901771545,
                    0.35694000124931335
                ],
                [
                    -0.8660299777984619,
                    0.5,
                    -0.0,
                    0.725629985332489
                ],
                [
                    0.0,
                    0.0,
                    0.0,
                    1.0
                ]
            ],